<?xml version='1.1' encoding='UTF-8'?>
<flow-definition plugin="workflow-job@1400.v7fd111b_ec82f">
  <actions>
    <org.jenkinsci.plugins.pipeline.modeldefinition.actions.DeclarativeJobAction plugin="pipeline-model-definition@2.2175.v76a_fff0a_2618"/>
    <org.jenkinsci.plugins.pipeline.modeldefinition.actions.DeclarativeJobPropertyTrackerAction plugin="pipeline-model-definition@2.2175.v76a_fff0a_2618">
      <jobProperties/>
      <triggers/>
      <parameters>
        <string>NAMESPACE</string>
        <string>DEPLOYMENT_PATH</string>
        <string>KUBE_CONFIG_CREDENTIAL</string>
        <string>SERVICE_PATH</string>
        <string>GIT_URL</string>
        <string>BRANCH_NAME</string>
      </parameters>
      <options/>
    </org.jenkinsci.plugins.pipeline.modeldefinition.actions.DeclarativeJobPropertyTrackerAction>
  </actions>
  <description></description>
  <keepDependencies>false</keepDependencies>
  <properties>
    <jenkins.model.BuildDiscarderProperty>
      <strategy class="hudson.tasks.LogRotator">
        <daysToKeep>-1</daysToKeep>
        <numToKeep>3</numToKeep>
        <artifactDaysToKeep>-1</artifactDaysToKeep>
        <artifactNumToKeep>-1</artifactNumToKeep>
      </strategy>
    </jenkins.model.BuildDiscarderProperty>
    <com.synopsys.arc.jenkins.plugins.ownership.jobs.JobOwnerJobProperty plugin="ownership@0.13.0">
      <ownership>
        <ownershipEnabled>true</ownershipEnabled>
        <primaryOwnerId>admin</primaryOwnerId>
        <coownersIds class="sorted-set"/>
      </ownership>
    </com.synopsys.arc.jenkins.plugins.ownership.jobs.JobOwnerJobProperty>
    <hudson.model.ParametersDefinitionProperty>
      <parameterDefinitions>
        <hudson.model.StringParameterDefinition>
          <name>BRANCH_NAME</name>
          <description>Branch to build from</description>
          <defaultValue>main</defaultValue>
          <trim>false</trim>
        </hudson.model.StringParameterDefinition>
        <hudson.model.StringParameterDefinition>
          <name>GIT_URL</name>
          <description>Git repository URL</description>
          <defaultValue>https://github.com/optit-cloud-team/optit-lab-service.git</defaultValue>
          <trim>false</trim>
        </hudson.model.StringParameterDefinition>
        <hudson.model.StringParameterDefinition>
          <name>DEPLOYMENT_PATH</name>
          <description>Path to the deployment YAML file</description>
          <defaultValue>kubernetes/manifest/deployment.yaml</defaultValue>
          <trim>false</trim>
        </hudson.model.StringParameterDefinition>
        <hudson.model.StringParameterDefinition>
          <name>SERVICE_PATH</name>
          <description>Path to the service YAML file</description>
          <defaultValue>kubernetes/manifest/service.yaml</defaultValue>
          <trim>false</trim>
        </hudson.model.StringParameterDefinition>
        <hudson.model.StringParameterDefinition>
          <name>NAMESPACE</name>
          <description>Kubernetes namespace</description>
          <defaultValue>optit-lab</defaultValue>
          <trim>false</trim>
        </hudson.model.StringParameterDefinition>
        <com.cloudbees.plugins.credentials.CredentialsParameterDefinition plugin="credentials@1319.v7eb_51b_3a_c97b_">
          <name>KUBE_CONFIG_CREDENTIAL</name>
          <description>Jenkins credential for Kubernetes config file (kubeconfig)</description>
          <defaultValue></defaultValue>
          <required>true</required>
        </com.cloudbees.plugins.credentials.CredentialsParameterDefinition>
      </parameterDefinitions>
    </hudson.model.ParametersDefinitionProperty>
  </properties>
  <definition class="org.jenkinsci.plugins.workflow.cps.CpsFlowDefinition" plugin="workflow-cps@3867.v535458ce43fd">
    <script>@Library(&apos;shared-libraries&apos;) _

def gitCheckoutScript
def kubernetesDeployScript

pipeline {
    agent any

    parameters {
        string(name: &apos;BRANCH_NAME&apos;, defaultValue: &apos;main&apos;, description: &apos;Branch to build from&apos;)
        string(name: &apos;GIT_URL&apos;, defaultValue: &apos;https://github.com/optit-cloud-team/optit-lab-service.git&apos;, description: &apos;Git repository URL&apos;)
        string(name: &apos;DEPLOYMENT_PATH&apos;, defaultValue: &apos;kubernetes/manifest/deployment.yaml&apos;, description: &apos;Path to the deployment YAML file&apos;)
        string(name: &apos;SERVICE_PATH&apos;, defaultValue: &apos;kubernetes/manifest/service.yaml&apos;, description: &apos;Path to the service YAML file&apos;)
        string(name: &apos;NAMESPACE&apos;, defaultValue: &apos;optit-lab&apos;, description: &apos;Kubernetes namespace&apos;)
        credentials(name: &apos;KUBE_CONFIG_CREDENTIAL&apos;, description: &apos;Jenkins credential for Kubernetes config file (kubeconfig)&apos;, defaultValue: &apos;&apos;, required: true)
    }

    stages {
        stage(&apos;Git Checkout CICD Repo&apos;) {
            steps {
                script {
                    dir(&apos;cicd-repo&apos;) {
                        git branch: &apos;main&apos;,
                            credentialsId: &apos;bkgit&apos;,
                            url: &apos;https://github.com/optimize-it/CICD.git&apos;
                    }
                }
            }
        }

        stage(&apos;Load DSL&apos;) {
            steps {
                script {
                    gitCheckoutScript = load &apos;./cicd-repo/Jenkins/shared-libraries/vars/common/scm-util/git/GitCheckout.groovy&apos;
                    kubernetesDeployScript = load &apos;./cicd-repo/Jenkins/shared-libraries/vars/common/Deploy/KubernetesDeploy.groovy&apos;
                }
            }
        }

        stage(&apos;Git Checkout&apos;) {
            steps {
                script {
                    gitCheckoutScript.gitCheckout(params.BRANCH_NAME, params.GIT_URL, &apos;git-PAT&apos;)
                }
            }
        }

        stage(&apos;Deploy to Kubernetes&apos;) {
            steps {
                script {
                    // Retrieve the kubeconfig file from Jenkins credentials
                    withCredentials([file(credentialsId: params.KUBE_CONFIG_CREDENTIAL, variable: &apos;KUBECONFIG_FILE&apos;)]) {
                        def kubeconfigPath = &quot;${env.WORKSPACE}/.kube/config&quot;
                        sh &quot;&quot;&quot;
                            mkdir -p ${env.WORKSPACE}/.kube
                      
                        &quot;&quot;&quot;
                        
                        // Call the deploy function from the shared library with appropriate arguments
                        def deploymentPath = &quot;${env.WORKSPACE}/${params.DEPLOYMENT_PATH}&quot;
                        def servicePath = &quot;${env.WORKSPACE}/${params.SERVICE_PATH}&quot;
                        
                        kubernetesDeployScript.deployToKubernetes(kubeconfigPath, params.NAMESPACE, deploymentPath, servicePath)
                    }
                }
            }
        }
    }
}</script>
    <sandbox>true</sandbox>
  </definition>
  <triggers/>
  <disabled>false</disabled>
</flow-definition>
